"study_id","age","sex","race","education","bmi","sbp","diabetes","phys_active","ever_smoker"
"P0001",54,"male",2,"Some College",23.8,154,"Yes","No","No"
"P0002",62,"female",2,"High School",27.1,129,"No","No","No"
"P0003",80,"male",1,"Some College",28.3,,"No","No","Yes"
"P0004",70,"male",1,"College Grad",25.9,121,"Yes","Yes","No"
"P0005",74,"female",1,"High School",26.7,127,"No","Yes","No"
"P0006",80,"female",1,"8th Grade",24.8,138,"No","No","No"
"P0007",80,"female",1,"Some College",29.7,135,"No","No","Yes"
"P0008",32,"female",5,"College Grad",23.2,116,"No","Yes","No"
"P0009",36,"male",3,"Some College",24.3,182,"No","No","No"
"P0010",24,"female",1,"Some College",18.1,101,"No","No","Yes"
"P0011",29,"male",5,"College Grad",26.9,108,"No","Yes","No"
"P0012",78,"male",1,"8th Grade",22,193,"No","Yes","No"
"P0013",38,"male",4,"8th Grade",29.9,120,"No","No","No"
"P0014",31,"male",4,"9 - 11th Grade",28.7,112,"No","No","No"
"P0015",28,"male",1,"Some College",29.7,132,"No","No","No"
"P0016",41,"male",4,"High School",25.5,116,"No","No","Yes"
"P0017",48,"female",4,"9 - 11th Grade",24.2,107,"No","No","No"
"P0018",36,"male",1,"9 - 11th Grade",24.5,114,"No","No","Yes"
"P0019",66,"male",1,"College Grad",26.2,109,"No","Yes","No"
"P0020",35,"male",3,"8th Grade",27.9,110,"No","No","No"
"P0021",31,"female",1,"High School",26.7,111,"No","No","Yes"
"P0022",48,"male",2,"High School",38.6,111,"No","No","No"
"P0023",34,"male",1,"8th Grade",24.3,124,"No","No","Yes"
"P0024",31,"male",1,"Some College",23,110,"No","No","No"
"P0025",49,"male",1,"High School",23.2,112,"No","Yes","Yes"
"P0026",46,"male",5,"9 - 11th Grade",19.4,124,"No","No","Yes"
"P0027",22,"female",5,"Some College",20.7,103,"No","No","No"
"P0028",71,"female",3,"9 - 11th Grade",34.9,162,"No","No","No"
"P0029",21,"male",4,"High School",29.5,110,"No","Yes","Yes"
"P0030",32,"female",1,"Some College",21.6,104,"No","Yes","No"
"P0031",45,"male",1,"High School",29.3,119,"No","No","Yes"
"P0032",49,"female",1,"College Grad",29.8,120,"No","No","Yes"
"P0033",60,"female",4,"8th Grade",22.7,,"No","No","No"
"P0034",41,"female",1,"High School",24.7,110,"No","No","Yes"
"P0035",54,"female",3,"8th Grade",26.6,130,"No","No","Yes"
"P0036",21,"male",1,"9 - 11th Grade",25,127,"No","No","Yes"
"P0037",71,"male",1,"9 - 11th Grade",29.7,140,"No","No","No"
"P0038",59,"female",1,"9 - 11th Grade",35.7,137,"No","Yes","Yes"
"P0039",26,"male",1,"College Grad",30.9,110,"No","Yes","Yes"
"P0040",78,"female",1,"Some College",47,145,"No","No","No"
"P0041",28,"female",1,"College Grad",23.9,106,"No","No","No"
"P0042",50,"female",1,"Some College",35.5,112,"No","No","No"
"P0043",46,"female",1,"College Grad",28.8,103,"No","Yes","No"
"P0044",54,"female",1,"College Grad",27.3,117,"No","Yes","Yes"
"P0045",76,"female",3,"9 - 11th Grade",22,,"No","No","No"
"P0046",48,"female",1,"College Grad",18.9,94,"No","Yes","No"
"P0047",35,"female",1,"Some College",21.5,153,"No","Yes","Yes"
"P0048",43,"female",1,"9 - 11th Grade",32.5,130,"No","Yes","Yes"
"P0049",46,"female",1,"College Grad",37.1,113,"No","No","Yes"
"P0050",59,"male",1,"Some College",29.7,114,"No","No","No"
"P0051",38,"male",1,"High School",27,124,"No","Yes","Yes"
"P0052",28,"male",1,"College Grad",28.9,122,"No","Yes","No"
"P0053",67,"male",1,"College Grad",30.8,129,"No","Yes","Yes"
"P0054",56,"male",4,"High School",29.6,138,"Yes","Yes","No"
"P0055",59,"female",1,"College Grad",21.5,132,"No","Yes","Yes"
"P0056",37,"female",5,"Some College",40.5,133,"No","Yes","No"
"P0057",40,"male",1,"9 - 11th Grade",45.2,118,"No","No","Yes"
"P0058",34,"male",3,"9 - 11th Grade",28.7,124,"No","Yes","No"
"P0059",48,"male",1,"College Grad",34.9,131,"No","Yes","No"
"P0060",80,"male",1,"High School",29.7,122,"No","Yes","Yes"
"P0061",33,"male",3,"8th Grade",29.5,130,"No","Yes","No"
"P0062",47,"female",5,"College Grad",999,112,"No","No","No"
"P0063",38,"male",1,"Some College",28.5,140,"No","Yes","Yes"
"P0064",67,"female",1,"College Grad",42.3,105,"Yes","No","No"
"P0065",79,"male",3,"College Grad",23.2,141,"No","Yes","No"
"P0066",47,"male",1,"College Grad",28,129,"No","Yes","Yes"
"P0067",46,"female",1,"High School",19.8,104,"No","Yes","Yes"
"P0068",28,"female",5,"College Grad",22.3,,"No","Yes","No"
"P0069",53,"male",1,"College Grad",21.6,125,"Yes","Yes","No"
"P0070",53,"male",1,"9 - 11th Grade",41,131,"No","No","Yes"
"P0071",56,"male",3,"8th Grade",23.4,130,"No","No","No"
"P0072",46,"female",1,"8th Grade",32.2,124,"No","Yes","No"
"P0073",33,"female",1,"Some College",999,107,"No","Yes","Yes"
"P0074",28,"male",3,"9 - 11th Grade",29.4,124,"No","Yes","Yes"
"P0075",56,"male",3,"9 - 11th Grade",32.7,117,"No","No","Yes"
"P0076",35,"female",1,"Some College",37,,"No","Yes","Yes"
"P0077",39,"male",1,"College Grad",18.6,101,"No","No","No"
"P0078",31,"female",3,"8th Grade",29,119,"No","No","No"
"P0079",80,"male",1,"College Grad",27.9,100,"No","No","Yes"
"P0080",50,"female",2,"High School",24.9,134,"No","Yes","No"
"P0081",63,"female",1,"Some College",41.1,124,"No","No","No"
"P0082",73,"female",2,"Some College",27.8,,"No","No","Yes"
"P0083",56,"female",1,"9 - 11th Grade",34.6,107,"No","Yes","No"
"P0084",73,"male",2,"Some College",26.4,134,"Yes","No","Yes"
"P0085",56,"male",1,"College Grad",30,130,"No","Yes","No"
"P0086",30,"female",1,"Some College",25.1,99,"No","No","Yes"
"P0087",80,"male",3,"8th Grade",22.1,157,"No","No","Yes"
"P0088",44,"male",4,"Some College",42.2,112,"No","Yes","Yes"
"P0089",34,"male",4,"High School",27.2,107,"No","Yes","Yes"
"P0090",35,"male",2,"Some College",20.2,128,"No","Yes","No"
"P0091",25,"female",1,"Some College",22.1,115,"No","No","Yes"
"P0092",63,"male",3,"Some College",30,124,"Yes","No","Yes"
"P0093",77,"female",2,"9 - 11th Grade",30.9,145,"No","No","Yes"
"P0094",30,"male",2,"High School",39.3,114,"No","No","No"
"P0095",70,"male",1,"Some College",20.8,128,"Yes","Yes","No"
"P0096",65,"female",1,"College Grad",25.9,105,"No","Yes","No"
"P0097",58,"male",1,"Some College",24.1,110,"No","No","Yes"
"P0098",43,"male",1,"High School",25.5,108,"No","Yes","No"
"P0099",61,"female",1,"Some College",27.7,119,"No","No","No"
"P0100",80,"female",1,"9 - 11th Grade",999,161,"No","No","No"
"P0101",47,"female",2,"Some College",33,148,"Yes","No","No"
"P0102",28,"male",1,"Some College",33.7,114,"No","No","No"
"P0103",37,"male",3,"8th Grade",30.9,95,"No","No","No"
"P0104",48,"female",2,"High School",27.2,151,"No","No","Yes"
"P0105",39,"female",5,"Some College",33.7,,"No","Yes","Yes"
"P0106",29,"female",1,"Some College",26.8,105,"No","Yes","Yes"
"P0107",72,"female",1,"Some College",16.6,143,"No","Yes","Yes"
"P0108",44,"female",3,"8th Grade",36.4,114,"No","No","Yes"
"P0109",30,"female",1,"9 - 11th Grade",22.5,104,"No","Yes","No"
"P0110",31,"female",1,"Some College",26.9,97,"No","Yes","No"
"P0111",28,"female",3,"High School",46.3,108,"No","No","No"
"P0112",41,"female",2,"Some College",24.8,111,"No","No","No"
"P0113",80,"male",1,"High School",32.2,119,"No","No","Yes"
"P0114",80,"female",1,"Some College",19.8,134,"No","Yes","Yes"
"P0115",31,"male",5,"College Grad",24.4,128,"No","Yes","Yes"
"P0116",71,"female",1,"Some College",35.6,130,"No","No","Yes"
"P0117",42,"male",1,"Some College",25.5,131,"No","Yes","Yes"
"P0118",56,"male",1,"9 - 11th Grade",30.3,151,"Yes","No","Yes"
"P0119",36,"female",5,"College Grad",24.2,96,"No","No","No"
"P0120",28,"female",2,"High School",31.6,128,"No","Yes","No"
"P0121",69,"female",1,"Some College",23.4,145,"No","Yes","No"
"P0122",68,"female",1,"College Grad",25.2,110,"No","Yes","Yes"
"P0123",55,"female",5,"College Grad",38.5,119,"No","Yes","No"
"P0124",44,"female",3,"Some College",24.1,109,"No","No","No"
"P0125",36,"male",5,"Some College",36.9,127,"No","No","No"
"P0126",32,"female",1,"Some College",38.2,106,"No","No","Yes"
"P0127",58,"female",3,"9 - 11th Grade",21.6,124,"No","No","Yes"
"P0128",73,"male",2,"Some College",30,123,"No","Yes","Yes"
"P0129",36,"male",1,"College Grad",26.8,122,"No","Yes","No"
"P0130",58,"female",5,"College Grad",20.5,91,"No","Yes","No"
"P0131",45,"female",1,"High School",26.9,,"No","Yes","No"
"P0132",29,"male",5,"Some College",33.9,108,"No","Yes","Yes"
"P0133",70,"female",5,"High School",20.9,153,"No","No","No"
"P0134",64,"female",1,"College Grad",28.2,123,"No","Yes","No"
"P0135",24,"female",3,"Some College",31.9,119,"No","No","No"
"P0136",51,"female",1,"Some College",28.9,114,"No","No","Yes"
"P0137",64,"female",1,"Some College",33.8,135,"No","No","Yes"
"P0138",80,"female",1,"9 - 11th Grade",31.1,120,"Yes","No","No"
"P0139",44,"female",1,"College Grad",28.5,116,"No","No","No"
"P0140",41,"male",2,"High School",24.5,148,"No","No","Yes"
"P0141",52,"female",1,"9 - 11th Grade",29.1,94,"No","No","No"
"P0142",36,"male",2,"9 - 11th Grade",22.2,121,"No","Yes","Yes"
"P0143",43,"male",1,"College Grad",26.3,110,"Yes","Yes","No"
"P0144",53,"male",1,"Some College",31.3,139,"No","Yes","Yes"
"P0145",55,"male",3,"8th Grade",27,167,"Yes","No","No"
"P0146",71,"female",1,"Some College",34.3,131,"No","No","No"
"P0147",80,"male",1,"8th Grade",33.4,130,"No","No","Yes"
"P0148",48,"male",2,"College Grad",30.6,165,"Yes","Yes","No"
"P0149",34,"female",1,"College Grad",26.4,110,"No","Yes","Yes"
"P0150",29,"male",1,"Some College",34.7,117,"No","No","Yes"
"P0151",29,"male",1,"High School",27.7,111,"No","Yes","Yes"
"P0152",45,"male",1,"9 - 11th Grade",18.5,123,"No","Yes","No"
"P0153",22,"male",2,"9 - 11th Grade",20.7,110,"No","Yes","Yes"
"P0154",64,"female",1,"College Grad",25.5,112,"No","Yes","No"
"P0155",39,"female",5,"College Grad",23.3,110,"No","Yes","No"
"P0156",33,"male",1,"Some College",33,134,"No","Yes","No"
"P0157",49,"male",1,"High School",23.8,130,"No","No","Yes"
"P0158",80,"female",1,"College Grad",19.9,210,"No","Yes","No"
"P0159",58,"male",1,"College Grad",38.4,142,"Yes","No","Yes"
"P0160",80,"female",1,"Some College",19.3,150,"No","Yes","Yes"
"P0161",40,"male",1,"9 - 11th Grade",36.9,113,"No","No","No"
"P0162",46,"male",2,"Some College",28.9,,"No","Yes","Yes"
"P0163",45,"female",1,"Some College",27.3,96,"No","No","Yes"
"P0164",80,"female",1,"High School",27.6,156,"No","No","No"
"P0165",25,"female",1,"9 - 11th Grade",22.1,104,"No","Yes","Yes"
"P0166",68,"female",2,"9 - 11th Grade",51.3,124,"Yes","No","No"
"P0167",80,"male",1,"High School",27,120,"No","No","Yes"
"P0168",39,"female",1,"Some College",20.6,103,"No","Yes","Yes"
"P0169",60,"male",1,"Some College",22.5,113,"No","Yes","No"
"P0170",57,"male",1,"High School",27.9,148,"No","No","Yes"
"P0171",63,"female",1,"High School",17.9,113,"No","Yes","Yes"
"P0172",68,"male",1,"Some College",37.8,102,"Yes","Yes","Yes"
"P0173",28,"female",1,"Some College",23.8,103,"No","Yes","Yes"
"P0174",26,"female",2,"Some College",37.7,105,"No","No","Yes"
"P0175",28,"female",5,"College Grad",23.9,104,"No","Yes","No"
"P0176",26,"female",5,"College Grad",19,95,"No","Yes","No"
"P0177",55,"male",1,"Some College",30.4,,"No","No","Yes"
"P0178",53,"female",2,"Some College",41.4,121,"No","No","No"
"P0179",70,"female",1,"High School",33.1,152,"Yes","No","Yes"
"P0180",37,"male",1,"High School",21.9,134,"No","No","Yes"
"P0181",22,"male",1,"High School",22.7,105,"No","Yes","Yes"
"P0182",56,"female",3,"Some College",40.7,130,"No","No","Yes"
"P0183",31,"female",3,"8th Grade",31.4,112,"No","No","No"
"P0184",39,"male",1,"College Grad",24.9,122,"No","Yes","No"
"P0185",49,"male",1,"High School",39.3,105,"No","No","Yes"
"P0186",53,"male",2,"Some College",28,86,"Yes","Yes","No"
"P0187",36,"female",5,"College Grad",23.2,84,"No","Yes","No"
"P0188",41,"male",1,"High School",37.6,115,"Yes","Yes","No"
"P0189",24,"female",1,"Some College",22.9,107,"No","Yes","Yes"
"P0190",39,"male",1,"High School",22.4,102,"No","No","No"
"P0191",49,"male",2,"9 - 11th Grade",34.2,131,"Yes","Yes","No"
"P0192",34,"female",1,"Some College",22,101,"No","Yes","Yes"
"P0193",36,"male",2,"High School",26.1,111,"No","Yes","No"
"P0194",45,"female",1,"College Grad",25.4,117,"No","No","No"
"P0195",28,"female",4,"Some College",25.2,111,"No","Yes","No"
"P0196",64,"female",1,"College Grad",24.2,123,"No","Yes","Yes"
"P0197",63,"male",1,"8th Grade",29.5,103,"No","No","No"
"P0198",68,"female",3,"High School",29.5,142,"No","No","No"
"P0199",42,"male",1,"College Grad",25.4,115,"No","Yes","No"
"P0200",64,"female",4,"8th Grade",25.6,115,"Yes","No","No"
"P0201",27,"female",2,"Some College",27.1,114,"No","No","No"
"P0202",35,"male",4,"College Grad",25.6,138,"No","Yes","Yes"
"P0203",24,"male",2,"Some College",23.8,114,"No","Yes","No"
"P0204",68,"female",1,"Some College",32.4,136,"No","No","No"
"P0205",33,"female",3,"High School",38.4,114,"No","No","Yes"
"P0206",35,"female",5,"College Grad",33.3,109,"No","Yes","No"
"P0207",22,"male",1,"Some College",22.8,130,"No","Yes","Yes"
"P0208",55,"male",3,"8th Grade",29.6,129,"Yes","No","No"
"P0209",54,"female",1,"College Grad",24,122,"No","Yes","No"
"P0210",55,"male",4,"Some College",28.5,99,"No","No","No"
"P0211",73,"male",4,"Some College",32.1,112,"No","Yes","No"
"P0212",38,"female",1,"Some College",26.4,107,"No","Yes","No"
"P0213",76,"female",1,"High School",23.5,131,"No","No","Yes"
"P0214",73,"male",1,"College Grad",30.9,135,"No","No","No"
"P0215",42,"male",1,"High School",25.4,112,"No","Yes","No"
"P0216",56,"female",1,"Some College",32.2,110,"Yes","No","Yes"
"P0217",52,"male",1,"High School",38.8,127,"No","No","Yes"
"P0218",66,"male",1,"College Grad",24.5,119,"No","Yes","No"
"P0219",34,"male",2,"Some College",30.5,147,"No","Yes","Yes"
"P0220",49,"female",1,"College Grad",29.2,114,"No","Yes","No"
"P0221",41,"male",1,"College Grad",25.6,102,"No","Yes","No"
"P0222",21,"male",1,"Some College",999,127,"No","No","No"
"P0223",62,"male",1,"Some College",29.6,146,"No","Yes","Yes"
"P0224",55,"female",2,"Some College",32.7,,"No","No","Yes"
"P0225",28,"male",3,"8th Grade",29.6,,"No","No","No"
"P0226",53,"male",1,"Some College",29.8,102,"Yes","No","Yes"
"P0227",45,"female",1,"Some College",25.1,132,"No","Yes","Yes"
"P0228",52,"female",1,"College Grad",25.1,137,"No","Yes","No"
"P0229",31,"male",4,"College Grad",27.1,99,"No","No","Yes"
"P0230",60,"female",1,"College Grad",22.8,131,"No","Yes","Yes"
"P0231",33,"male",1,"High School",21.6,115,"Yes","Yes","Yes"
"P0232",49,"male",2,"College Grad",36.5,120,"No","No","No"
"P0233",38,"male",5,"College Grad",34.4,114,"No","Yes","Yes"
"P0234",52,"male",1,"9 - 11th Grade",39.3,101,"Yes","No","Yes"
"P0235",43,"female",1,"9 - 11th Grade",20.3,114,"No","No","Yes"
"P0236",34,"female",2,"Some College",18,110,"No","Yes","No"
"P0237",36,"female",4,"High School",24.3,105,"No","Yes","No"
"P0238",25,"female",4,"High School",22.2,93,"No","No","No"
"P0239",46,"female",5,"College Grad",21.3,90,"No","Yes","No"
"P0240",48,"female",3,"8th Grade",23.5,117,"No","Yes","Yes"
"P0241",54,"female",1,"High School",22.5,124,"No","Yes","Yes"
"P0242",30,"male",2,"Some College",30.6,117,"No","Yes","No"
"P0243",47,"male",1,"College Grad",26.6,119,"No","Yes","No"
"P0244",68,"male",1,"High School",35.7,96,"No","No","No"
"P0245",48,"male",1,"Some College",36.7,115,"No","No","No"
"P0246",60,"male",2,"8th Grade",28.1,123,"Yes","No","Yes"
"P0247",50,"female",1,"High School",24.1,122,"No","No","Yes"
"P0248",80,"male",1,"High School",24.2,126,"No","Yes","Yes"
"P0249",40,"female",1,"College Grad",29,124,"No","Yes","Yes"
"P0250",51,"male",1,"College Grad",28,101,"No","Yes","No"
"P0251",58,"male",1,"High School",28.1,131,"No","No","No"
"P0252",56,"female",3,"8th Grade",43.5,111,"No","No","No"
"P0253",62,"female",1,"Some College",32.2,136,"Yes","Yes","No"
"P0254",63,"male",1,"Some College",33.2,139,"Yes","Yes","No"
"P0255",45,"male",1,"9 - 11th Grade",28.6,105,"No","No","Yes"
"P0256",48,"male",4,"8th Grade",30,155,"Yes","No","No"
"P0257",67,"female",2,"High School",31.1,165,"No","No","No"
"P0258",38,"male",1,"Some College",35.8,147,"No","No","No"
"P0259",80,"male",3,"8th Grade",24.4,148,"No","No","No"
"P0260",47,"male",1,"Some College",22.6,144,"No","Yes","Yes"
"P0261",70,"female",2,"Some College",33.6,126,"Yes","No","No"
"P0262",43,"female",1,"9 - 11th Grade",27.6,,"No","Yes","Yes"
"P0263",76,"female",1,"College Grad",32.9,109,"No","No","No"
"P0264",30,"female",3,"8th Grade",25.3,109,"No","No","No"
"P0265",63,"female",1,"College Grad",29,115,"No","Yes","Yes"
"P0266",77,"male",1,"9 - 11th Grade",23.9,145,"Yes","No","Yes"
"P0267",43,"female",1,"College Grad",19.2,97,"No","No","No"
"P0268",28,"female",1,"8th Grade",24.9,109,"No","Yes","No"
"P0269",28,"male",4,"8th Grade",33.7,113,"No","Yes","No"
"P0270",70,"male",1,"Some College",26.5,127,"No","No","No"
"P0271",51,"female",3,"High School",32.5,109,"No","No","No"
"P0272",49,"male",1,"College Grad",25.8,130,"No","Yes","No"
"P0273",43,"male",1,"College Grad",24.6,125,"No","Yes","Yes"
"P0274",23,"female",3,"8th Grade",32.3,118,"No","No","Yes"
"P0275",21,"male",1,"Some College",23.6,158,"No","Yes","No"
"P0276",53,"male",2,"High School",23,120,"No","No","Yes"
"P0277",40,"male",2,"High School",39.9,123,"No","Yes","No"
"P0278",51,"male",1,"9 - 11th Grade",23.7,133,"No","No","Yes"
"P0279",76,"female",1,"Some College",39.9,132,"No","Yes","Yes"
"P0280",63,"male",1,"College Grad",20,113,"No","Yes","No"
"P0281",40,"male",1,"Some College",23.9,145,"No","Yes","Yes"
"P0282",44,"female",1,"Some College",25.1,107,"No","Yes","Yes"
"P0283",50,"female",1,"College Grad",25,129,"No","Yes","Yes"
"P0284",45,"male",1,"College Grad",34.3,121,"No","No","No"
"P0285",44,"female",1,"Some College",33.8,99,"No","No","Yes"
"P0286",44,"male",1,"College Grad",23.5,107,"No","Yes","No"
"P0287",45,"male",1,"Some College",37.5,106,"No","No","No"
"P0288",37,"male",1,"College Grad",31.1,115,"No","Yes","No"
"P0289",24,"male",1,"College Grad",24.3,114,"No","Yes","No"
"P0290",54,"female",2,"High School",25.6,119,"No","No","Yes"
"P0291",63,"female",2,"High School",27.6,137,"No","No","No"
"P0292",30,"male",5,"College Grad",21.9,118,"No","Yes","Yes"
"P0293",27,"female",1,"College Grad",30,117,"No","Yes","No"
"P0294",40,"male",3,"8th Grade",28.1,142,"No","No","No"
"P0295",50,"male",2,"9 - 11th Grade",28.6,100,"No","No","Yes"
"P0296",25,"male",1,"Some College",28.5,124,"No","Yes","Yes"
"P0297",72,"female",2,"Some College",29.3,158,"No","Yes","No"
"P0298",63,"male",3,"8th Grade",30.3,123,"No","Yes","Yes"
"P0299",45,"female",1,"Some College",28,111,"No","No","Yes"
"P0300",60,"male",4,"College Grad",35,137,"No","No","No"
"P0301",36,"female",2,"College Grad",39.2,129,"No","Yes","No"
"P0302",48,"male",2,"9 - 11th Grade",28,130,"No","Yes","Yes"
"P0303",25,"female",1,"High School",24.9,122,"No","No","Yes"
"P0304",77,"female",1,"Some College",19.1,111,"No","Yes","Yes"
"P0305",56,"male",2,"9 - 11th Grade",23.1,126,"No","Yes","No"
"P0306",65,"male",1,"College Grad",27.5,105,"Yes","Yes","Yes"
"P0307",69,"female",2,"Some College",32.4,134,"No","Yes","No"
"P0308",40,"male",3,"9 - 11th Grade",26.4,103,"No","No","Yes"
"P0309",24,"female",1,"Some College",24.6,85,"No","No","Yes"
"P0310",20,"female",1,"Some College",23.6,102,"No","Yes","No"
"P0311",21,"female",2,"Some College",17.4,96,"No","Yes","No"
"P0312",65,"male",1,"Some College",22.6,128,"Yes","No","Yes"
"P0313",78,"female",1,"9 - 11th Grade",32.2,132,"Yes","No","Yes"
"P0314",26,"male",1,"High School",29.6,115,"No","No","No"
"P0315",47,"female",1,"High School",23.3,98,"No","Yes","Yes"
"P0316",43,"male",5,"Some College",33.5,126,"No","Yes","Yes"
"P0317",49,"male",1,"8th Grade",27.4,122,"No","No","Yes"
"P0318",80,"female",5,"Some College",29.3,173,"No","No","No"
"P0319",51,"male",2,"9 - 11th Grade",26.4,139,"No","No","Yes"
"P0320",39,"female",2,"Some College",28.9,110,"No","No","No"
"P0321",44,"female",1,"College Grad",18.4,104,"No","Yes","No"
"P0322",65,"female",1,"College Grad",40.6,119,"No","Yes","Yes"
"P0323",57,"male",1,"9 - 11th Grade",28.2,119,"No","No","Yes"
"P0324",20,"male",1,"Some College",27.2,123,"No","Yes","No"
"P0325",32,"male",1,"College Grad",25,104,"No","No","No"
"P0326",80,"female",2,"College Grad",33.3,188,"No","No","Yes"
"P0327",21,"male",1,"Some College",23.2,116,"No","Yes","Yes"
"P0328",24,"male",1,"Some College",24.3,105,"No","Yes","No"
"P0329",52,"female",1,"Some College",19.2,176,"No","Yes","Yes"
"P0330",40,"female",1,"College Grad",22.1,94,"No","Yes","No"
"P0331",43,"male",2,"Some College",31.1,122,"No","Yes","Yes"
"P0332",65,"female",1,"College Grad",33.6,111,"No","Yes","No"
"P0333",54,"male",1,"Some College",26.4,107,"No","No","Yes"
"P0334",23,"female",1,"High School",29.8,105,"No","No","Yes"
"P0335",38,"male",1,"College Grad",24.4,121,"No","Yes","No"
"P0336",55,"female",1,"College Grad",29.1,125,"No","Yes","No"
"P0337",41,"female",1,"Some College",26.6,121,"No","No","No"
"P0338",31,"male",1,"High School",29.6,115,"No","Yes","Yes"
"P0339",68,"female",1,"9 - 11th Grade",31,157,"No","No","No"
"P0340",69,"female",2,"High School",33.6,122,"No","Yes","No"
"P0341",29,"female",3,"8th Grade",38.3,,"No","Yes","No"
"P0342",59,"female",1,"9 - 11th Grade",36.2,137,"No","No","Yes"
"P0343",20,"male",1,"Some College",18.5,130,"No","Yes","Yes"
"P0344",22,"male",1,"High School",18.2,101,"No","No","Yes"
"P0345",51,"female",4,"Some College",22.1,98,"No","Yes","No"
"P0346",36,"female",4,"Some College",41.6,117,"No","Yes","No"
"P0347",26,"male",2,"9 - 11th Grade",24,111,"No","No","No"
"P0348",65,"female",1,"High School",27.5,108,"No","Yes","Yes"
"P0349",49,"male",3,"8th Grade",999,120,"No","No","No"
"P0350",36,"female",3,"8th Grade",27.2,124,"No","Yes","No"
"P0351",45,"female",5,"Some College",28.2,107,"No","Yes","No"
"P0352",44,"male",1,"8th Grade",40.4,132,"No","No","Yes"
"P0353",31,"female",3,"Some College",30.2,94,"No","No","No"
"P0354",62,"male",1,"Some College",25.6,97,"No","Yes","No"
"P0355",62,"female",1,"High School",31.2,121,"No","No","No"
"P0356",52,"female",2,"Some College",23.4,104,"No","Yes","No"
"P0357",63,"female",1,"High School",20.6,117,"No","Yes","No"
"P0358",32,"female",3,"8th Grade",34.3,110,"No","No","No"
"P0359",58,"male",1,"High School",26,,"Yes","Yes","No"
"P0360",54,"male",5,"College Grad",26.4,107,"No","No","Yes"
"P0361",26,"male",3,"8th Grade",28.1,119,"No","No","Yes"
"P0362",29,"male",3,"Some College",32.1,115,"No","Yes","Yes"
"P0363",49,"male",1,"Some College",34.4,114,"Yes","Yes","Yes"
"P0364",73,"female",1,"Some College",30.7,138,"No","No","No"
"P0365",49,"female",5,"High School",22.3,108,"No","Yes","Yes"
"P0366",27,"male",1,"High School",28.8,115,"No","No","Yes"
"P0367",50,"female",1,"9 - 11th Grade",37.6,105,"No","Yes","Yes"
"P0368",60,"male",4,"College Grad",18.8,129,"No","No","Yes"
"P0369",27,"male",1,"College Grad",32.4,107,"No","Yes","No"
"P0370",24,"female",1,"Some College",37.2,111,"No","Yes","No"
"P0371",39,"male",4,"8th Grade",42.4,145,"Yes","No","Yes"
"P0372",43,"male",3,"High School",29.7,141,"No","Yes","Yes"
"P0373",38,"female",3,"High School",28.3,104,"No","No","No"
"P0374",34,"male",1,"9 - 11th Grade",27,104,"No","No","Yes"
"P0375",22,"female",3,"Some College",27.4,117,"No","Yes","No"
"P0376",42,"female",1,"Some College",27,117,"No","No","Yes"
"P0377",21,"female",1,"Some College",32.7,,"No","Yes","Yes"
"P0378",27,"female",2,"Some College",53.3,128,"No","No","Yes"
"P0379",43,"male",3,"8th Grade",36.6,147,"No","No","Yes"
"P0380",55,"male",1,"High School",27.9,126,"No","Yes","No"
"P0381",52,"male",3,"8th Grade",27,,"No","Yes","Yes"
"P0382",34,"male",1,"Some College",23.6,121,"No","Yes","Yes"
"P0383",22,"female",3,"Some College",18.8,109,"No","Yes","No"
"P0384",30,"male",2,"College Grad",29,109,"No","Yes","No"
"P0385",40,"male",1,"Some College",30,122,"No","No","Yes"
"P0386",41,"male",2,"High School",31.9,113,"Yes","No","Yes"
"P0387",38,"male",5,"High School",25.5,118,"No","No","Yes"
"P0388",27,"female",1,"9 - 11th Grade",24.9,107,"No","No","Yes"
"P0389",43,"male",1,"High School",26.6,127,"No","Yes","Yes"
"P0390",27,"male",5,"College Grad",29.6,111,"No","Yes","Yes"
"P0391",34,"female",5,"High School",23.8,103,"No","No","No"
"P0392",80,"female",1,"9 - 11th Grade",35.1,143,"No","No","No"
"P0393",28,"male",1,"Some College",29.3,116,"No","Yes","No"
"P0394",63,"female",1,"High School",45.4,127,"Yes","No","No"
"P0395",52,"female",4,"8th Grade",26.2,126,"No","No","Yes"
"P0396",39,"male",1,"College Grad",26.7,115,"No","Yes","No"
"P0397",26,"male",1,"College Grad",28.4,128,"No","Yes","Yes"
"P0398",56,"male",3,"8th Grade",25,86,"Yes","No","No"
"P0399",45,"male",5,"Some College",25.5,111,"No","Yes","No"
"P0400",65,"male",1,"College Grad",27,135,"No","Yes","No"
"P0401",34,"female",2,"8th Grade",24,96,"No","No","No"
"P0402",22,"male",5,"Some College",29.7,124,"No","Yes","No"
"P0403",42,"male",2,"High School",31.2,119,"No","No","No"
"P0404",27,"male",1,"High School",32.7,122,"No","Yes","Yes"
"P0405",57,"female",2,"High School",41,124,"No","No","Yes"
"P0406",21,"male",1,"Some College",26.3,116,"No","Yes","No"
"P0407",21,"male",2,"Some College",39,113,"Yes","No","No"
"P0408",44,"male",1,"College Grad",27,120,"No","Yes","No"
"P0409",50,"male",1,"College Grad",33.4,125,"No","No","No"
"P0410",31,"female",1,"College Grad",48.9,138,"No","Yes","No"
"P0411",55,"male",3,"8th Grade",28.3,138,"No","Yes","Yes"
"P0412",21,"female",2,"High School",22.8,112,"No","No","No"
"P0413",45,"female",1,"College Grad",44.2,113,"No","No","No"
"P0414",59,"female",2,"High School",29.6,171,"No","No","No"
"P0415",50,"male",2,"9 - 11th Grade",19.2,221,"No","No","Yes"
"P0416",64,"male",1,"Some College",31.6,116,"No","Yes","Yes"
"P0417",50,"female",1,"High School",26.4,125,"No","No","Yes"
"P0418",71,"female",1,"9 - 11th Grade",24.3,153,"No","No","Yes"
"P0419",37,"male",1,"High School",28.4,130,"No","Yes","No"
"P0420",37,"male",1,"Some College",28.3,125,"No","No","Yes"
"P0421",48,"male",1,"High School",21.1,136,"No","Yes","No"
"P0422",55,"male",1,"9 - 11th Grade",29,127,"No","Yes","Yes"
"P0423",31,"female",1,"Some College",41,100,"No","No","No"
"P0424",55,"male",1,"High School",31.6,130,"No","No","Yes"
"P0425",76,"male",1,"College Grad",27.7,143,"No","No","Yes"
"P0426",37,"male",2,"9 - 11th Grade",35.1,159,"No","Yes","Yes"
"P0427",50,"female",1,"High School",31,,"No","Yes","Yes"
"P0428",61,"male",1,"College Grad",29.1,129,"No","No","Yes"
"P0429",53,"male",5,"College Grad",32.6,121,"No","Yes","No"
"P0430",56,"male",2,"High School",36.3,115,"No","No","No"
"P0431",27,"female",1,"College Grad",24.7,102,"No","Yes","Yes"
"P0432",28,"male",1,"College Grad",21.3,125,"No","No","No"
"P0433",22,"female",2,"9 - 11th Grade",27.1,105,"No","Yes","Yes"
"P0434",43,"female",1,"College Grad",25.1,131,"No","Yes","No"
"P0435",39,"male",5,"Some College",28.5,112,"No","No","Yes"
"P0436",30,"female",1,"High School",23.9,109,"No","Yes","Yes"
"P0437",28,"female",1,"Some College",23.3,102,"No","No","No"
"P0438",74,"female",1,"Some College",28.4,138,"No","Yes","No"
"P0439",45,"male",3,"9 - 11th Grade",28.1,114,"No","No","No"
"P0440",20,"male",1,"Some College",29,131,"No","No","No"
"P0441",63,"male",1,"9 - 11th Grade",29.9,124,"No","Yes","Yes"
"P0442",35,"male",1,"Some College",29.4,128,"No","No","No"
"P0443",38,"female",1,"College Grad",37,119,"No","Yes","No"
"P0444",41,"male",2,"High School",43.1,106,"No","No","No"
"P0445",61,"male",1,"College Grad",39.7,,"No","No","Yes"
"P0446",80,"female",1,"College Grad",26.1,132,"No","No","Yes"
"P0447",69,"female",1,"Some College",23.5,141,"No","Yes","Yes"
"P0448",53,"female",1,"Some College",32.3,115,"No","No","No"
"P0449",28,"female",1,"8th Grade",48.1,100,"No","Yes","Yes"
"P0450",56,"female",3,"High School",31.9,124,"No","Yes","No"
"P0451",48,"female",3,"8th Grade",27.3,110,"Yes","Yes","No"
"P0452",35,"male",1,"Some College",28.2,124,"No","No","No"
"P0453",69,"female",1,"Some College",32.7,118,"No","No","Yes"
"P0454",56,"male",2,"Some College",19.6,,"No","Yes","Yes"
"P0455",62,"male",1,"College Grad",32.7,136,"Yes","No","Yes"
"P0456",49,"female",2,"College Grad",31.3,135,"No","Yes","No"
"P0457",44,"female",1,"College Grad",20,134,"No","Yes","Yes"
"P0458",70,"female",2,"High School",29.3,135,"Yes","No","No"
"P0459",48,"male",1,"College Grad",25.6,108,"No","No","No"
"P0460",68,"female",1,"Some College",23.6,131,"No","No","Yes"
"P0461",80,"male",1,"College Grad",24.6,99,"No","Yes","No"
"P0462",50,"male",5,"9 - 11th Grade",29.6,130,"No","No","No"
"P0463",38,"female",5,"College Grad",35.5,127,"No","No","No"
"P0464",50,"female",1,"Some College",21.1,120,"No","Yes","Yes"
"P0465",44,"male",1,"High School",23,110,"No","Yes","No"
"P0466",64,"female",1,"Some College",30,152,"No","No","No"
"P0467",52,"female",1,"College Grad",24.7,112,"No","Yes","Yes"
"P0468",20,"female",1,"High School",35.4,113,"No","Yes","No"
"P0469",49,"male",2,"High School",28.1,110,"No","No","No"
"P0470",47,"male",1,"9 - 11th Grade",23.9,106,"No","No","Yes"
"P0471",47,"female",1,"Some College",40,131,"No","Yes","Yes"
"P0472",63,"female",1,"9 - 11th Grade",27.9,114,"No","No","No"
"P0473",46,"female",2,"Some College",30.3,121,"No","No","No"
"P0474",58,"male",3,"9 - 11th Grade",32.5,130,"No","No","Yes"
"P0475",42,"male",3,"College Grad",29.7,118,"No","No","No"
"P0476",59,"male",1,"High School",22.1,132,"No","No","Yes"
"P0477",65,"female",2,"Some College",31.7,153,"Yes","Yes","Yes"
"P0478",80,"male",1,"9 - 11th Grade",28.7,135,"Yes","No","Yes"
"P0479",62,"female",1,"High School",29.9,137,"No","Yes","Yes"
"P0480",68,"male",1,"College Grad",27.2,141,"No","Yes","No"
"P0481",21,"male",1,"Some College",28.7,110,"No","Yes","No"
"P0482",21,"female",3,"High School",40,111,"No","Yes","Yes"
"P0483",80,"female",1,"8th Grade",31.5,151,"No","Yes","No"
"P0484",21,"female",1,"High School",23.4,104,"No","Yes","Yes"
"P0485",36,"male",5,"College Grad",19.9,117,"No","No","Yes"
"P0486",59,"female",1,"High School",26.7,107,"No","No","No"
"P0487",53,"male",1,"Some College",34.1,118,"No","No","No"
"P0488",54,"male",2,"College Grad",25.1,171,"No","No","No"
"P0489",80,"female",1,"Some College",24.4,168,"No","No","Yes"
"P0490",52,"male",1,"Some College",45.8,133,"No","Yes","No"
"P0491",80,"female",1,"Some College",28.1,146,"No","No","Yes"
"P0492",69,"male",2,"High School",21,137,"No","No","Yes"
"P0493",59,"female",1,"Some College",29,111,"No","No","Yes"
"P0494",80,"female",1,"High School",30,129,"No","Yes","No"
"P0495",47,"female",2,"College Grad",29.4,121,"No","Yes","No"
"P0496",55,"female",1,"Some College",26.2,141,"Yes","No","Yes"
"P0497",30,"female",1,"9 - 11th Grade",20.3,110,"No","Yes","No"
"P0498",31,"female",2,"Some College",37.4,104,"No","Yes","No"
"P0499",57,"female",1,"College Grad",26.2,121,"No","No","No"
"P0500",50,"female",1,"College Grad",33.8,123,"No","Yes","Yes"
"P0501",64,"female",2,"Some College",33.7,137,"No","Yes","No"
"P0502",41,"female",1,"College Grad",29.9,120,"No","Yes","No"
"P0503",50,"male",4,"8th Grade",29.4,133,"No","No","Yes"
"P0504",65,"female",4,"9 - 11th Grade",24.9,,"No","No","Yes"
"P0505",26,"male",3,"9 - 11th Grade",44.1,110,"No","No","No"
"P0506",65,"female",2,"High School",24.6,110,"No","Yes","Yes"
"P0507",68,"female",1,"High School",26.6,135,"No","No","No"
"P0508",80,"male",1,"Some College",26.2,129,"No","Yes","Yes"
"P0509",57,"female",4,"College Grad",23,117,"No","Yes","No"
"P0510",59,"male",1,"Some College",34.4,,"No","No","Yes"
"P0511",45,"female",1,"College Grad",24.3,98,"No","Yes","No"
"P0512",64,"female",2,"High School",35.4,120,"Yes","No","No"
"P0513",46,"male",3,"9 - 11th Grade",31.5,154,"No","Yes","No"
"P0514",37,"female",1,"College Grad",31,105,"No","No","No"
"P0515",80,"female",1,"Some College",30.8,127,"No","No","Yes"
"P0516",33,"female",5,"Some College",34.7,109,"No","No","Yes"
"P0517",26,"male",1,"9 - 11th Grade",31.7,128,"No","No","Yes"
"P0518",61,"female",1,"High School",36.3,120,"Yes","Yes","Yes"
"P0519",63,"female",3,"8th Grade",35.2,150,"Yes","No","No"
"P0520",45,"female",5,"9 - 11th Grade",23.3,112,"No","No","No"
"P0521",30,"male",3,"High School",23.7,119,"No","No","No"
"P0522",51,"male",1,"9 - 11th Grade",33.4,121,"No","No","Yes"
"P0523",55,"male",1,"High School",26.6,114,"No","Yes","Yes"
"P0524",44,"male",1,"College Grad",999,104,"No","Yes","No"
"P0525",41,"male",1,"College Grad",34.5,93,"No","Yes","Yes"
"P0526",28,"female",1,"College Grad",25.1,110,"No","No","No"
"P0527",61,"female",1,"College Grad",25.6,135,"No","Yes","No"
"P0528",27,"female",1,"High School",26.6,119,"No","Yes","Yes"
"P0529",59,"female",1,"9 - 11th Grade",22.1,114,"No","Yes","Yes"
"P0530",54,"male",1,"College Grad",27.4,105,"No","Yes","Yes"
"P0531",26,"female",4,"College Grad",21.1,109,"No","Yes","No"
"P0532",51,"male",4,"8th Grade",28.9,,"No","No","No"
"P0533",49,"female",1,"High School",21,107,"No","Yes","Yes"
"P0534",38,"female",4,"8th Grade",42.8,111,"No","No","Yes"
"P0535",67,"male",1,"High School",22.1,114,"No","No","Yes"
"P0536",26,"male",1,"College Grad",24.1,107,"No","Yes","No"
"P0537",30,"female",4,"High School",33.8,109,"No","No","No"
"P0538",76,"female",1,"High School",28.6,157,"Yes","No","No"
"P0539",65,"female",4,"Some College",31.8,138,"No","No","No"
"P0540",38,"female",1,"9 - 11th Grade",20.7,101,"No","Yes","No"
"P0541",39,"male",1,"High School",27.2,151,"No","No","No"
"P0542",42,"female",2,"Some College",30.5,,"No","No","No"
"P0543",77,"female",1,"High School",28.6,164,"No","No","Yes"
"P0544",29,"male",5,"College Grad",21.7,103,"No","Yes","No"
"P0545",20,"male",1,"Some College",21.2,95,"No","Yes","No"
"P0546",80,"male",5,"High School",24.8,147,"No","Yes","Yes"
"P0547",33,"female",2,"9 - 11th Grade",47.9,112,"No","No","Yes"
"P0548",45,"female",1,"College Grad",29.5,141,"No","Yes","No"
"P0549",68,"male",1,"College Grad",19.5,155,"No","No","Yes"
"P0550",47,"female",1,"High School",22.3,120,"No","No","No"
"P0551",24,"male",2,"Some College",25,112,"No","Yes","No"
"P0552",62,"male",1,"Some College",31.7,132,"Yes","Yes","Yes"
"P0553",80,"female",1,"Some College",38.5,150,"Yes","No","Yes"
"P0554",47,"female",5,"8th Grade",24.1,,"No","No","No"
"P0555",32,"male",1,"High School",25.4,123,"No","Yes","No"
"P0556",24,"male",1,"High School",37.9,117,"No","No","Yes"
"P0557",39,"female",4,"High School",22.7,125,"No","No","No"
"P0558",43,"female",3,"High School",22.1,100,"No","No","No"
"P0559",55,"male",1,"High School",30.6,122,"No","Yes","Yes"
"P0560",69,"female",2,"Some College",42.2,150,"Yes","No","No"
"P0561",21,"female",2,"Some College",23.8,113,"No","No","No"
"P0562",38,"female",1,"High School",37.8,140,"No","No","No"
"P0563",80,"female",3,"8th Grade",29.9,120,"No","No","No"
"P0564",71,"female",5,"High School",22.9,138,"No","Yes","No"
"P0565",40,"male",1,"College Grad",38.3,113,"No","No","Yes"
"P0566",26,"female",4,"High School",26.5,,"No","Yes","Yes"
"P0567",33,"male",4,"Some College",26.8,131,"No","Yes","No"
"P0568",31,"female",4,"9 - 11th Grade",22.4,107,"No","No","Yes"
"P0569",68,"male",1,"College Grad",28.7,151,"No","Yes","No"
"P0570",43,"female",3,"High School",26.3,120,"No","Yes","No"
"P0571",39,"male",1,"College Grad",26.1,121,"No","Yes","No"
"P0572",32,"female",3,"9 - 11th Grade",29.3,109,"No","Yes","No"
"P0573",66,"female",1,"College Grad",21.4,173,"No","Yes","Yes"
"P0574",21,"female",1,"High School",15.8,123,"No","No","Yes"
"P0575",60,"female",4,"8th Grade",35.1,149,"No","Yes","No"
"P0576",31,"male",2,"Some College",30.4,100,"No","Yes","No"
"P0577",61,"female",2,"Some College",35.8,128,"No","Yes","Yes"
"P0578",61,"male",2,"Some College",30.5,124,"No","No","Yes"
"P0579",34,"male",1,"College Grad",35,120,"No","Yes","Yes"
"P0580",45,"female",2,"High School",24.5,150,"No","No","Yes"
"P0581",36,"female",2,"High School",35.4,143,"No","No","No"
"P0582",46,"male",1,"9 - 11th Grade",24,124,"No","No","Yes"
"P0583",72,"female",1,"Some College",29,117,"No","Yes","No"
"P0584",80,"male",1,"High School",999,153,"Yes","No","No"
"P0585",71,"female",1,"College Grad",31.5,151,"No","No","No"
"P0586",29,"male",1,"High School",37.7,117,"No","Yes","Yes"
"P0587",80,"male",1,"9 - 11th Grade",27.1,145,"No","Yes","Yes"
"P0588",54,"female",5,"9 - 11th Grade",25.3,123,"No","No","No"
"P0589",32,"female",1,"Some College",23.3,98,"No","Yes","Yes"
"P0590",64,"male",2,"9 - 11th Grade",28.4,138,"No","No","Yes"
"P0591",45,"female",1,"College Grad",20.3,92,"No","Yes","No"
"P0592",60,"male",1,"High School",28.8,147,"No","Yes","No"
"P0593",29,"male",2,"College Grad",30.2,118,"No","Yes","Yes"
"P0594",74,"male",3,"9 - 11th Grade",32.4,124,"No","Yes","Yes"
"P0595",57,"male",1,"College Grad",26.3,105,"No","Yes","Yes"
"P0596",80,"female",1,"High School",25.8,137,"No","No","No"
"P0597",35,"female",4,"Some College",29.1,121,"No","No","No"
"P0598",23,"male",1,"High School",16.7,129,"No","No","Yes"
"P0599",69,"male",4,"8th Grade",26.2,127,"No","No","No"
"P0600",20,"female",5,"Some College",22.3,126,"No","Yes","No"
"P0601",80,"female",1,"9 - 11th Grade",33.1,117,"No","No","No"
"P0602",48,"female",1,"College Grad",44.3,114,"No","Yes","No"
"P0603",46,"female",1,"Some College",28.7,124,"No","No","Yes"
"P0604",21,"male",1,"Some College",23.7,,"No","Yes","No"
"P0605",69,"female",1,"Some College",27.5,144,"No","Yes","Yes"
"P0606",65,"male",1,"College Grad",37.4,145,"Yes","No","Yes"
"P0607",58,"female",5,"Some College",18.2,103,"No","Yes","Yes"
"P0608",24,"female",2,"9 - 11th Grade",30.5,105,"No","No","Yes"
"P0609",28,"male",1,"College Grad",19.2,110,"No","Yes","Yes"
"P0610",30,"male",2,"9 - 11th Grade",36.6,130,"No","No","Yes"
"P0611",39,"female",3,"8th Grade",28.9,107,"No","No","No"
"P0612",56,"female",1,"Some College",38.4,127,"No","Yes","No"
"P0613",57,"female",1,"Some College",23,142,"No","No","Yes"
"P0614",26,"male",1,"College Grad",20.6,137,"No","Yes","No"
"P0615",51,"female",3,"College Grad",30.6,105,"No","Yes","No"
"P0616",20,"male",5,"Some College",18.4,103,"No","No","Yes"
"P0617",69,"female",4,"9 - 11th Grade",32.7,142,"No","No","No"
"P0618",69,"male",1,"Some College",27.2,,"No","Yes","Yes"
"P0619",56,"female",2,"Some College",33,137,"No","Yes","No"
"P0620",68,"male",3,"High School",36.6,125,"No","Yes","Yes"
"P0621",61,"female",1,"High School",27.3,123,"No","Yes","No"
"P0622",52,"female",5,"Some College",37.4,103,"Yes","No","Yes"
"P0623",23,"male",5,"Some College",30.4,106,"No","Yes","No"
"P0624",50,"female",1,"College Grad",28.9,121,"No","Yes","No"
"P0625",58,"female",3,"8th Grade",32.2,132,"Yes","No","No"
"P0626",76,"female",1,"High School",25.8,107,"No","No","Yes"
"P0627",23,"female",1,"College Grad",29.2,114,"No","Yes","Yes"
"P0628",65,"female",1,"9 - 11th Grade",22.8,170,"Yes","No","Yes"
"P0629",70,"male",1,"College Grad",29.3,118,"No","Yes","No"
"P0630",55,"female",1,"College Grad",23.1,112,"No","No","No"
"P0631",67,"male",2,"College Grad",25.6,138,"No","Yes","Yes"
"P0632",49,"male",3,"9 - 11th Grade",28.5,106,"No","Yes","Yes"
"P0633",34,"female",1,"College Grad",23.3,107,"No","Yes","No"
"P0634",40,"male",1,"High School",25.4,108,"No","Yes","Yes"
"P0635",65,"male",1,"College Grad",24.4,131,"No","Yes","No"
"P0636",46,"female",4,"College Grad",39.1,106,"No","No","No"
"P0637",32,"male",1,"College Grad",21,104,"No","Yes","No"
"P0638",21,"male",3,"Some College",35,106,"No","No","No"
"P0639",37,"male",3,"High School",35,113,"No","No","No"
"P0640",57,"male",1,"Some College",31.9,127,"No","Yes","Yes"
"P0641",23,"male",1,"Some College",23.9,117,"No","Yes","No"
"P0642",74,"male",1,"College Grad",28.9,153,"No","Yes","Yes"
"P0643",30,"male",2,"High School",24,123,"No","Yes","Yes"
"P0644",20,"male",1,"High School",22.6,113,"No","Yes","No"
"P0645",48,"female",2,"9 - 11th Grade",46,143,"No","No","Yes"
"P0646",41,"female",5,"Some College",20,109,"No","No","No"
"P0647",69,"female",1,"High School",38.4,122,"Yes","No","No"
"P0648",74,"female",1,"College Grad",24.7,132,"No","Yes","Yes"
"P0649",46,"female",1,"High School",40.8,131,"Yes","No","Yes"
"P0650",66,"male",1,"9 - 11th Grade",38.8,122,"No","No","No"
"P0651",34,"female",5,"College Grad",21.9,103,"No","Yes","No"
"P0652",22,"male",1,"High School",22.9,104,"No","Yes","No"
"P0653",60,"male",1,"Some College",36.4,117,"No","No","No"
"P0654",23,"male",1,"High School",36.7,105,"No","Yes","No"
"P0655",35,"male",2,"Some College",28.5,166,"No","Yes","No"
"P0656",47,"male",1,"High School",29,114,"No","No","Yes"
"P0657",33,"female",2,"High School",26.4,106,"No","Yes","Yes"
"P0658",25,"female",3,"Some College",34.5,101,"No","No","No"
"P0659",35,"female",1,"High School",37.5,100,"No","No","Yes"
"P0660",23,"male",2,"Some College",37.5,113,"No","No","No"
"P0661",30,"male",4,"9 - 11th Grade",27.5,118,"No","Yes","Yes"
"P0662",74,"male",1,"College Grad",32.3,134,"Yes","Yes","Yes"
"P0663",54,"male",5,"Some College",52.3,127,"No","No","No"
"P0664",39,"male",1,"Some College",41.2,126,"No","Yes","No"
"P0665",50,"female",1,"9 - 11th Grade",31.1,100,"No","No","Yes"
"P0666",48,"female",2,"High School",32.5,98,"No","No","No"
"P0667",35,"female",2,"Some College",30,113,"No","Yes","No"
"P0668",35,"female",4,"High School",27,104,"No","No","No"
"P0669",70,"male",1,"College Grad",30.5,125,"No","Yes","No"
"P0670",37,"male",1,"Some College",42.4,128,"No","Yes","No"
"P0671",62,"female",2,"College Grad",28.3,106,"No","No","Yes"
"P0672",24,"male",2,"Some College",35.9,137,"No","No","Yes"
"P0673",20,"male",1,"Some College",31.5,101,"No","Yes","Yes"
"P0674",37,"male",5,"College Grad",22,106,"No","Yes","Yes"
"P0675",39,"male",3,"College Grad",32.6,143,"No","Yes","No"
"P0676",51,"female",1,"College Grad",37.5,127,"No","No","Yes"
"P0677",42,"male",1,"College Grad",36.1,122,"No","Yes","No"
"P0678",75,"male",2,"8th Grade",22.5,135,"No","No","No"
"P0679",38,"female",5,"Some College",21.2,116,"Yes","Yes","No"
"P0680",41,"male",1,"College Grad",32.8,112,"No","Yes","No"
"P0681",39,"male",2,"Some College",29.6,138,"No","Yes","No"
"P0682",21,"female",3,"Some College",30.3,102,"No","Yes","No"
"P0683",68,"male",2,"High School",25.7,140,"Yes","No","Yes"
"P0684",42,"female",2,"High School",47.6,120,"Yes","No","No"
"P0685",61,"female",1,"High School",33.1,116,"No","No","No"
"P0686",49,"female",1,"Some College",33.5,110,"No","Yes","Yes"
"P0687",51,"female",3,"8th Grade",27.6,117,"No","No","No"
"P0688",49,"male",2,"High School",34.5,125,"Yes","Yes","No"
"P0689",26,"female",1,"High School",47.1,123,"Yes","No","Yes"
"P0690",41,"male",1,"High School",23.9,104,"Yes","No","Yes"
"P0691",45,"female",1,"College Grad",19.2,103,"No","No","No"
"P0692",25,"male",1,"High School",26.8,109,"No","Yes","No"
"P0693",26,"female",1,"College Grad",25.9,107,"No","Yes","Yes"
"P0694",29,"male",5,"Some College",27.9,119,"No","Yes","No"
"P0695",21,"female",5,"High School",18.2,84,"No","No","Yes"
"P0696",22,"male",1,"Some College",29.1,130,"No","Yes","No"
"P0697",66,"male",1,"Some College",23.7,111,"No","Yes","Yes"
"P0698",40,"female",1,"Some College",47.5,112,"No","Yes","Yes"
"P0699",46,"female",3,"College Grad",25.5,104,"No","Yes","No"
"P0700",32,"male",1,"High School",34.7,125,"No","Yes","Yes"
"P0701",31,"male",1,"College Grad",26.5,115,"No","Yes","No"
"P0702",24,"male",5,"College Grad",22.7,100,"No","Yes","No"
"P0703",40,"female",2,"College Grad",34.5,103,"No","No","No"
"P0704",20,"male",4,"Some College",32.6,131,"No","Yes","Yes"
"P0705",41,"female",1,"9 - 11th Grade",37.4,124,"No","No","Yes"
"P0706",69,"male",1,"College Grad",26.7,,"No","Yes","No"
"P0707",29,"female",5,"High School",42,103,"No","Yes","Yes"
"P0708",26,"female",1,"8th Grade",25.9,99,"No","Yes","Yes"
"P0709",29,"male",4,"High School",23.6,106,"No","Yes","Yes"
"P0710",25,"male",3,"9 - 11th Grade",32,124,"No","Yes","Yes"
"P0711",31,"female",1,"Some College",27.2,95,"No","Yes","No"
"P0712",56,"male",1,"College Grad",22.7,116,"No","No","No"
"P0713",21,"male",5,"Some College",18.3,114,"No","Yes","No"
"P0714",80,"female",1,"High School",22.5,132,"No","No","No"
"P0715",49,"male",2,"High School",27.1,,"No","No","No"
"P0716",36,"female",1,"College Grad",22.1,113,"No","No","Yes"
"P0717",80,"male",1,"College Grad",28.6,121,"No","Yes","No"
"P0718",37,"female",3,"Some College",36.2,118,"No","No","Yes"
"P0719",80,"male",1,"High School",20.7,159,"No","Yes","No"
"P0720",75,"female",1,"College Grad",41.1,116,"No","Yes","No"
"P0721",70,"female",1,"Some College",39.7,117,"No","Yes","Yes"
"P0722",39,"female",5,"Some College",23.5,107,"No","Yes","No"
"P0723",80,"female",1,"High School",24.4,,"No","Yes","Yes"
"P0724",39,"male",1,"College Grad",32.7,127,"No","Yes","Yes"
"P0725",28,"male",4,"High School",29.5,123,"No","No","No"
"P0726",62,"male",1,"College Grad",30.6,147,"Yes","No","No"
"P0727",50,"male",1,"College Grad",25.4,128,"No","Yes","No"
"P0728",51,"male",1,"High School",34.2,117,"No","Yes","Yes"
"P0729",58,"male",2,"9 - 11th Grade",29.3,139,"No","No","Yes"
"P0730",38,"female",3,"8th Grade",34.9,160,"No","No","Yes"
"P0731",30,"male",2,"Some College",36.3,,"No","Yes","No"
"P0732",31,"female",1,"9 - 11th Grade",56.8,137,"No","No","No"
"P0733",31,"male",1,"Some College",35.1,117,"No","No","Yes"
"P0734",58,"female",1,"College Grad",39.9,121,"No","No","Yes"
"P0735",28,"male",1,"Some College",26.8,121,"No","No","Yes"
"P0736",54,"female",1,"9 - 11th Grade",21.4,104,"No","No","Yes"
"P0737",65,"male",5,"Some College",19.6,151,"No","No","Yes"
"P0738",41,"female",1,"High School",45.5,124,"No","Yes","Yes"
"P0739",58,"male",1,"High School",33.2,135,"No","Yes","Yes"
"P0740",47,"female",3,"8th Grade",37.9,123,"Yes","No","No"
"P0741",33,"female",1,"Some College",25.6,117,"No","No","No"
"P0742",55,"female",3,"9 - 11th Grade",28.5,106,"No","No","No"
"P0743",58,"male",5,"College Grad",27.3,141,"Yes","Yes","No"
"P0744",23,"female",1,"High School",25.5,114,"No","Yes","No"
"P0745",73,"female",1,"High School",35.8,149,"No","No","Yes"
"P0746",23,"female",3,"High School",46.6,113,"No","No","No"
"P0747",24,"male",5,"Some College",25.2,143,"No","Yes","Yes"
"P0748",30,"female",1,"College Grad",24.2,110,"No","Yes","No"
"P0749",53,"female",1,"High School",24,123,"No","No","Yes"
"P0750",25,"female",5,"College Grad",22.8,107,"No","Yes","No"
"P0751",65,"male",1,"College Grad",21.5,111,"No","Yes","No"
"P0752",23,"male",5,"College Grad",38.4,114,"Yes","Yes","No"
"P0753",72,"male",1,"Some College",22.5,125,"No","No","Yes"
"P0754",29,"male",1,"High School",31,108,"No","Yes","No"
"P0755",29,"female",3,"Some College",22.6,90,"No","Yes","No"
"P0756",23,"female",1,"College Grad",46.7,130,"No","Yes","No"
"P0757",51,"male",1,"College Grad",25.6,112,"No","Yes","Yes"
"P0758",25,"female",4,"Some College",34.2,120,"No","Yes","No"
"P0759",57,"male",2,"9 - 11th Grade",27.3,142,"No","No","Yes"
"P0760",78,"male",4,"College Grad",31.7,146,"Yes","No","Yes"
"P0761",35,"female",1,"Some College",30.3,101,"No","No","Yes"
"P0762",59,"female",5,"8th Grade",25.8,150,"Yes","No","No"
"P0763",22,"male",4,"Some College",23.5,119,"No","Yes","Yes"
"P0764",28,"male",4,"9 - 11th Grade",25.9,115,"No","Yes","Yes"
"P0765",77,"male",1,"High School",31.4,140,"No","No","Yes"
"P0766",26,"female",4,"High School",38.5,102,"No","No","No"
"P0767",58,"male",2,"High School",30.4,120,"Yes","No","Yes"
"P0768",75,"male",1,"High School",21.4,164,"No","No","Yes"
"P0769",30,"male",1,"High School",29.5,118,"No","Yes","No"
"P0770",38,"male",1,"College Grad",27.3,101,"No","No","Yes"
"P0771",53,"male",2,"High School",23.1,136,"No","No","Yes"
"P0772",60,"female",1,"Some College",26.9,117,"No","Yes","Yes"
"P0773",67,"female",1,"High School",34.6,117,"No","No","No"
"P0774",26,"male",1,"9 - 11th Grade",20.1,127,"No","Yes","Yes"
"P0775",26,"female",1,"College Grad",20.8,120,"No","Yes","No"
"P0776",80,"female",1,"8th Grade",35.6,126,"No","No","Yes"
"P0777",80,"female",1,"9 - 11th Grade",26.9,127,"No","No","No"
"P0778",58,"female",3,"High School",26.2,127,"No","Yes","Yes"
"P0779",32,"male",1,"High School",34.2,118,"No","No","Yes"
"P0780",60,"female",2,"Some College",32.3,,"No","No","No"
"P0781",60,"female",1,"College Grad",23.9,105,"No","Yes","No"
"P0782",74,"female",1,"High School",27.3,119,"No","No","No"
"P0783",49,"female",1,"College Grad",19.2,129,"No","Yes","No"
"P0784",24,"female",5,"College Grad",18.8,99,"No","No","No"
"P0785",54,"male",1,"College Grad",41.8,137,"No","No","No"
"P0786",80,"female",1,"High School",31.7,,"No","No","No"
"P0787",57,"female",2,"9 - 11th Grade",23.8,97,"No","No","Yes"
"P0788",44,"male",1,"Some College",30.7,138,"No","Yes","No"
"P0789",64,"female",1,"Some College",25.3,124,"No","Yes","No"
"P0790",35,"female",1,"9 - 11th Grade",22.6,115,"No","Yes","No"
"P0791",74,"male",5,"College Grad",23.8,160,"No","Yes","Yes"
"P0792",50,"male",1,"College Grad",24.2,116,"No","Yes","No"
"P0793",53,"female",1,"High School",23.6,106,"No","Yes","Yes"
"P0794",24,"female",3,"9 - 11th Grade",25.7,108,"No","No","No"
"P0795",50,"male",3,"9 - 11th Grade",28.9,106,"No","No","No"
"P0796",65,"female",5,"High School",23.9,135,"Yes","Yes","Yes"
"P0797",77,"female",1,"College Grad",48,115,"No","No","No"
"P0798",45,"female",2,"College Grad",20.2,98,"No","No","No"
"P0799",79,"female",5,"Some College",25.6,152,"No","Yes","Yes"
"P0800",39,"female",1,"Some College",31.3,154,"No","No","Yes"
"P0801",22,"male",1,"College Grad",20.2,114,"No","Yes","No"
"P0802",69,"male",2,"9 - 11th Grade",33.9,,"No","Yes","Yes"
"P0803",49,"female",1,"Some College",28.9,114,"No","No","No"
"P0804",20,"female",1,"High School",19.3,107,"No","Yes","Yes"
"P0805",35,"female",4,"High School",24.9,109,"No","Yes","Yes"
"P0806",54,"male",1,"College Grad",41.3,116,"No","Yes","No"
"P0807",64,"male",2,"Some College",26.1,154,"No","No","Yes"
"P0808",64,"male",5,"8th Grade",22.3,122,"No","Yes","No"
"P0809",31,"male",1,"College Grad",23.2,108,"No","Yes","No"
"P0810",46,"female",2,"Some College",62.8,148,"No","No","No"
"P0811",30,"female",2,"Some College",999,,"No","No","No"
"P0812",65,"female",1,"High School",29.1,102,"No","No","No"
"P0813",22,"male",1,"Some College",18.7,125,"No","Yes","Yes"
"P0814",80,"male",1,"9 - 11th Grade",29.4,136,"No","Yes","Yes"
"P0815",42,"female",1,"College Grad",22.3,123,"No","No","No"
"P0816",65,"female",1,"8th Grade",35.1,112,"Yes","No","Yes"
"P0817",46,"female",2,"College Grad",24.5,114,"No","No","No"
"P0818",64,"female",1,"College Grad",23.9,89,"No","Yes","No"
"P0819",36,"male",1,"Some College",28.6,122,"No","Yes","Yes"
"P0820",31,"male",1,"College Grad",26.6,110,"No","Yes","Yes"
"P0821",34,"female",1,"High School",28.5,95,"No","No","No"
"P0822",56,"male",3,"9 - 11th Grade",28.6,108,"No","No","No"
"P0823",39,"male",1,"College Grad",26.3,105,"No","Yes","Yes"
"P0824",29,"male",2,"High School",48.7,129,"No","Yes","No"
"P0825",36,"male",1,"9 - 11th Grade",33.1,135,"No","No","No"
"P0826",22,"male",1,"High School",23.2,123,"No","Yes","Yes"
"P0827",35,"male",1,"High School",26.9,120,"No","Yes","Yes"
"P0828",60,"female",1,"College Grad",39.2,,"No","Yes","Yes"
"P0829",78,"female",1,"High School",35.5,131,"No","No","No"
"P0830",70,"male",1,"High School",40.1,114,"No","No","No"
"P0831",49,"female",1,"Some College",26.6,115,"No","Yes","Yes"
"P0832",50,"female",5,"High School",27.3,114,"Yes","Yes","No"
"P0833",75,"male",1,"College Grad",28.6,162,"Yes","Yes","Yes"
"P0834",38,"female",1,"High School",29.4,101,"No","Yes","No"
"P0835",73,"female",1,"Some College",20.6,105,"No","No","Yes"
"P0836",59,"male",1,"High School",32.6,202,"No","No","Yes"
"P0837",38,"female",1,"College Grad",27.8,115,"No","Yes","No"
"P0838",20,"male",2,"Some College",23.4,122,"No","Yes","No"
"P0839",70,"male",1,"9 - 11th Grade",26.6,115,"No","No","Yes"
"P0840",51,"female",1,"Some College",31.1,104,"No","Yes","Yes"
"P0841",52,"female",5,"High School",22.2,123,"No","Yes","No"
"P0842",57,"female",1,"Some College",28.4,171,"No","No","Yes"
"P0843",46,"female",1,"College Grad",35.5,109,"No","Yes","No"
"P0844",58,"female",1,"9 - 11th Grade",32.5,127,"No","Yes","No"
"P0845",43,"male",3,"9 - 11th Grade",30,110,"No","No","No"
"P0846",30,"male",1,"College Grad",23.3,98,"No","Yes","No"
"P0847",80,"male",1,"Some College",27,176,"No","Yes","Yes"
"P0848",44,"female",2,"High School",26.9,,"No","No","Yes"
"P0849",60,"female",1,"College Grad",36.8,103,"No","No","Yes"
"P0850",53,"male",1,"High School",26,126,"No","Yes","Yes"
"P0851",31,"female",1,"Some College",22.7,128,"No","Yes","Yes"
"P0852",48,"female",1,"College Grad",23.2,120,"No","Yes","Yes"
"P0853",56,"female",1,"College Grad",18.2,95,"No","No","Yes"
"P0854",26,"female",4,"College Grad",20,98,"No","Yes","No"
"P0855",20,"male",3,"8th Grade",25.4,115,"No","Yes","Yes"
"P0856",76,"male",1,"Some College",31.5,129,"No","No","Yes"
"P0857",72,"female",1,"College Grad",30.4,109,"No","Yes","Yes"
"P0858",49,"male",1,"High School",23.8,120,"No","No","Yes"
"P0859",80,"male",1,"Some College",29.3,156,"No","Yes","Yes"
"P0860",80,"male",1,"8th Grade",24.8,149,"No","No","Yes"
"P0861",53,"female",2,"High School",28.8,105,"No","No","Yes"
"P0862",44,"female",1,"College Grad",29.9,118,"No","Yes","No"
"P0863",44,"female",1,"Some College",40.7,125,"No","No","No"
"P0864",21,"male",3,"9 - 11th Grade",25.9,113,"No","No","No"
"P0865",66,"female",1,"College Grad",35.1,114,"No","No","No"
"P0866",23,"male",1,"Some College",28.3,118,"Yes","No","No"
"P0867",25,"male",2,"College Grad",43.5,115,"No","Yes","No"
"P0868",73,"male",1,"9 - 11th Grade",23.5,178,"No","Yes","Yes"
"P0869",23,"female",2,"9 - 11th Grade",38.5,105,"No","Yes","No"
"P0870",74,"male",3,"High School",25.7,98,"No","No","Yes"
"P0871",47,"male",1,"College Grad",27.4,116,"No","Yes","No"
"P0872",53,"female",2,"College Grad",21,102,"No","Yes","No"
"P0873",50,"female",2,"College Grad",36.6,104,"No","No","No"
"P0874",23,"female",1,"Some College",38,109,"No","Yes","No"
"P0875",80,"female",1,"Some College",33,128,"No","No","Yes"
"P0876",68,"male",2,"High School",20.7,171,"No","Yes","No"
"P0877",24,"male",1,"Some College",25.2,112,"No","Yes","Yes"
"P0878",44,"male",1,"College Grad",27,114,"No","Yes","No"
"P0879",33,"female",1,"9 - 11th Grade",28.2,109,"No","Yes","Yes"
"P0880",33,"female",1,"High School",30.4,104,"No","No","Yes"
"P0881",22,"male",3,"High School",32,119,"No","Yes","Yes"
"P0882",36,"male",3,"Some College",37.6,121,"No","No","No"
"P0883",33,"male",2,"Some College",27.6,101,"No","No","No"
"P0884",32,"male",1,"Some College",25.7,113,"No","Yes","No"
"P0885",40,"female",2,"College Grad",33.9,102,"No","Yes","No"
"P0886",64,"male",3,"8th Grade",27.1,166,"No","No","Yes"
"P0887",61,"female",1,"Some College",21.7,134,"No","No","Yes"
"P0888",33,"male",1,"Some College",30.1,125,"No","Yes","Yes"
"P0889",36,"female",1,"College Grad",18.1,86,"No","Yes","No"
"P0890",80,"female",1,"Some College",25.1,138,"No","No","Yes"
"P0891",21,"male",1,"High School",21,110,"No","Yes","Yes"
"P0892",57,"male",2,"Some College",999,,"No","Yes","Yes"
"P0893",75,"female",5,"High School",44,130,"Yes","No","Yes"
"P0894",36,"male",5,"College Grad",28.1,102,"No","Yes","No"
"P0895",59,"male",1,"High School",31.9,131,"No","No","No"
"P0896",31,"female",1,"Some College",33.8,120,"No","Yes","Yes"
"P0897",23,"male",1,"Some College",30.1,129,"No","Yes","Yes"
"P0898",69,"male",2,"High School",34.9,146,"No","No","Yes"
"P0899",54,"female",1,"College Grad",26.6,118,"No","Yes","No"
"P0900",62,"male",1,"High School",24.1,113,"No","No","Yes"
"P0901",43,"male",3,"High School",28.4,112,"No","No","Yes"
"P0902",71,"female",1,"College Grad",17.1,113,"No","Yes","No"
"P0903",80,"male",5,"College Grad",22.3,134,"No","Yes","Yes"
"P0904",34,"male",5,"College Grad",21.1,114,"No","Yes","Yes"
"P0905",23,"male",3,"High School",26.9,109,"No","Yes","No"
"P0906",40,"female",2,"Some College",43,123,"No","Yes","Yes"
"P0907",64,"male",1,"High School",31.5,137,"No","No","No"
"P0908",40,"male",1,"College Grad",28.5,115,"No","Yes","No"
"P0909",50,"female",5,"Some College",20.2,117,"No","No","No"
"P0910",65,"male",1,"College Grad",28,123,"No","Yes","No"
"P0911",33,"male",4,"High School",30,110,"No","No","No"
"P0912",80,"female",1,"High School",30.2,174,"No","No","No"
"P0913",31,"female",5,"College Grad",21.9,90,"No","Yes","No"
"P0914",20,"female",1,"Some College",25.3,120,"No","Yes","No"
"P0915",41,"male",2,"Some College",28.8,112,"Yes","Yes","No"
"P0916",44,"female",2,"Some College",29.5,116,"No","Yes","Yes"
"P0917",53,"male",1,"Some College",40.6,137,"No","No","Yes"
"P0918",26,"male",3,"8th Grade",31.3,136,"No","No","Yes"
"P0919",71,"male",1,"Some College",34.2,125,"No","No","No"
"P0920",25,"male",1,"High School",25.3,108,"No","Yes","No"
"P0921",54,"male",1,"High School",40.1,135,"No","No","No"
"P0922",20,"female",1,"Some College",29.3,103,"Yes","Yes","No"
"P0923",57,"female",5,"8th Grade",29.2,130,"Yes","No","No"
"P0924",29,"male",2,"College Grad",26.8,141,"No","Yes","No"
"P0925",23,"female",1,"Some College",22.9,106,"No","Yes","No"
"P0926",46,"male",1,"High School",27.8,115,"No","No","Yes"
"P0927",55,"male",1,"High School",29.9,116,"No","No","No"
"P0928",28,"male",1,"9 - 11th Grade",26.7,136,"No","Yes","Yes"
"P0929",46,"female",5,"8th Grade",21.5,119,"No","No","No"
"P0930",52,"female",1,"High School",41.2,127,"No","No","No"
"P0931",47,"female",5,"College Grad",24.3,110,"No","No","No"
"P0932",46,"female",5,"8th Grade",41.2,111,"Yes","No","Yes"
"P0933",31,"female",1,"High School",47.1,117,"No","No","No"
"P0934",41,"male",5,"College Grad",21.4,112,"No","Yes","No"
"P0935",34,"male",1,"Some College",24.1,124,"No","Yes","Yes"
"P0936",32,"male",3,"College Grad",34.9,105,"No","No","No"
"P0937",65,"male",1,"College Grad",24.4,102,"No","Yes","No"
"P0938",40,"female",1,"College Grad",22.4,98,"No","Yes","No"
"P0939",80,"female",1,"Some College",18.9,143,"No","Yes","No"
"P0940",23,"female",1,"Some College",27.4,126,"No","Yes","No"
"P0941",67,"female",5,"Some College",23,134,"No","Yes","No"
"P0942",54,"male",2,"Some College",31.4,120,"No","Yes","Yes"
"P0943",45,"female",2,"Some College",33.4,121,"No","Yes","No"
"P0944",42,"female",1,"Some College",28.3,123,"No","Yes","Yes"
"P0945",66,"female",1,"High School",25.4,131,"No","No","Yes"
"P0946",21,"female",3,"9 - 11th Grade",40.8,112,"No","No","No"
"P0947",27,"female",1,"Some College",25.3,88,"No","No","Yes"
"P0948",43,"female",2,"High School",33.3,103,"No","No","Yes"
"P0949",51,"female",1,"High School",26.7,116,"No","Yes","Yes"
"P0950",44,"female",5,"8th Grade",35.1,116,"No","No","Yes"
"P0951",48,"male",1,"Some College",24.5,104,"No","No","Yes"
"P0952",66,"female",1,"Some College",38.6,,"No","No","Yes"
"P0953",56,"female",1,"College Grad",30.5,131,"No","Yes","Yes"
"P0954",24,"male",1,"Some College",21.2,119,"No","Yes","Yes"
"P0955",45,"female",2,"High School",32.5,108,"No","Yes","No"
"P0956",68,"female",1,"Some College",25.9,138,"No","Yes","Yes"
"P0957",25,"male",1,"College Grad",37.2,120,"No","Yes","No"
"P0958",39,"male",1,"Some College",22.4,121,"No","Yes","No"
"P0959",23,"male",2,"9 - 11th Grade",19.6,111,"No","Yes","Yes"
"P0960",50,"male",1,"College Grad",30.6,110,"No","Yes","No"
"P0961",53,"female",1,"High School",28.4,122,"No","No","No"
"P0962",45,"male",1,"College Grad",30.8,107,"No","Yes","No"
"P0963",38,"female",2,"Some College",31.9,100,"No","No","No"
"P0964",50,"female",1,"Some College",29.6,112,"No","No","No"
"P0965",24,"male",5,"Some College",20.5,103,"No","No","No"
"P0966",65,"male",1,"8th Grade",36.4,129,"No","No","No"
"P0967",57,"female",1,"College Grad",26.1,119,"No","Yes","No"
"P0968",25,"female",3,"9 - 11th Grade",22.2,107,"No","No","No"
"P0969",30,"female",2,"College Grad",40.1,97,"No","Yes","No"
"P0970",34,"male",3,"8th Grade",28.6,120,"Yes","Yes","Yes"
"P0971",45,"male",1,"Some College",27.6,123,"No","No","Yes"
"P0972",59,"female",2,"9 - 11th Grade",33.4,142,"Yes","No","Yes"
"P0973",54,"female",1,"9 - 11th Grade",24.6,123,"No","No","Yes"
"P0974",29,"male",3,"College Grad",35,137,"No","Yes","Yes"
"P0975",43,"male",1,"Some College",28.8,139,"No","No","Yes"
"P0976",37,"male",3,"9 - 11th Grade",40.1,97,"No","No","No"
"P0977",50,"female",1,"College Grad",25.9,114,"No","Yes","No"
"P0978",60,"male",1,"8th Grade",32.7,143,"Yes","No","Yes"
"P0979",40,"female",4,"8th Grade",25.4,110,"No","Yes","No"
"P0980",43,"female",1,"College Grad",30.3,129,"No","Yes","No"
"P0981",54,"male",5,"High School",32.6,109,"No","No","Yes"
"P0982",27,"female",1,"College Grad",24.5,92,"No","Yes","No"
"P0983",63,"female",2,"9 - 11th Grade",29.2,,"No","Yes","No"
"P0984",49,"male",3,"8th Grade",25.4,123,"No","Yes","No"
"P0985",37,"female",5,"8th Grade",19.3,109,"No","No","No"
"P0986",39,"male",1,"Some College",34.5,105,"No","Yes","No"
"P0987",43,"female",5,"College Grad",18.4,103,"No","Yes","No"
"P0988",37,"male",5,"College Grad",25,109,"No","Yes","No"
"P0989",80,"female",1,"9 - 11th Grade",21.2,171,"No","No","No"
"P0990",55,"female",1,"College Grad",23,92,"No","Yes","Yes"
"P0991",22,"female",1,"Some College",28.1,100,"No","No","No"
"P0992",45,"female",5,"9 - 11th Grade",22,114,"No","No","No"
"P0993",54,"female",2,"Some College",20.7,114,"Yes","No","Yes"
"P0994",55,"male",1,"Some College",24.8,126,"Yes","No","No"
"P0995",20,"male",1,"9 - 11th Grade",19.8,99,"No","No","Yes"
"P0996",76,"female",1,"9 - 11th Grade",20.3,114,"No","Yes","Yes"
"P0997",35,"male",1,"High School",23.5,107,"No","No","Yes"
"P0998",49,"female",1,"College Grad",29.9,124,"No","Yes","No"
"P0999",48,"female",1,"Some College",39.7,144,"No","Yes","Yes"
"P1000",31,"female",3,"Some College",41.6,107,"No","No","No"
